{
  "price": "150.75",
  "eps": "5.12",
  "pe_ratio": "29.5",
  "forecast": {
    "revenue": [
      {
        "year": 2025,
        "high": "452.7B",
        "average": "422.5B",
        "low": "391.6B"
      },
      {
        "year": 2026,
        "high": "503.0B",
        "average": "456.6B",
        "low": "409.4B"
      },
      {
        "year": 2027,
        "high": "555.2B",
        "average": "484.8B",
        "low": "420.7B"
      }
    ],
    "growth": [
      {
        "year": 2025,
        "high": "15.8%",
        "average": "8.1%",
        "low": "0.1%"
      },
      {
        "year": 2026,
        "high": "19.0%",
        "average": "8.1%",
        "low": "-3.1%"
      },
      {
        "year": 2027,
        "high": "21.6%",
        "average": "6.2%",
        "low": "-7.8%"
      }
    ]
  }
}
